{"publishers": [
    {"code":"A1","nameAr":"اتحاد الناشريين التونسيين","nameEn":null,"hall":2,"offers": [], "categories":[],"section":"A","position":{"x":140,"y":1070,"width":60,"height":30},"width":60,"height":30,"color":"#58aaa9","is_rectangle":true}
,
    {"code":"A2","nameAr":"ميتا بوك للطباعة والنشر","nameEn":null,"hall":2,"offers": [], "categories":[],"section":"A","position":{"x":110,"y":1070,"width":30,"height":30},"width":30,"height":30,"color":"#bcbdbf","is_rectangle":true}
,
    {"code":"A3","nameAr":"مركز نهر النيل للنشر","nameEn":null,"hall":2,"offers": [], "categories":[],"section":"A","position":{"x":80,"y":1070,"width":30,"height":30},"width":30,"height":30,"color":"#bcbdbf","is_rectangle":true}
,
  {"code":"A4","nameAr":null,"nameEn":null,"hall":2,"offers": [], "categories":[],"section":"A","position":{"x":20,"y":960,"width":30,"height":90},"width":30,"height":90,"color":"#c67cb4","is_rectangle":true}
,
    {"code":"A5","nameAr":"شركة بتانة للطباعة والنشر","nameEn":null,"hall":2,"offers": [], "categories":[],"section":"A","position":{"x":80,"y":1010,"width":150,"height":30},"width":150,"height":30,"color":"#e1e31c","is_rectangle":true}
,
    {"code":"A6","nameAr":"اقرأ للطباعة والنشر","nameEn":null,"hall":2,"offers": [], "categories":[],"section":"A","position":{"x":200,"y":980,"width":30,"height":30},"width":30,"height":30,"color":"#bcbdbf","is_rectangle":true}
,
    {"code":"A7","nameAr":"دار رؤية للنشر والتوزيع ","nameEn":null,"hall":2,"offers": [], "categories":[],"section":"A","position":{"x":80,"y":980,"width":120,"height":30},"width":120,"height":30,"color":"#f7931b","is_rectangle":true}
,
    {"code":"A8","nameAr":"دار العين للنشر","nameEn":null,"hall":2,"offers": [], "categories":[],"section":"A","position":{"x":20,"y":720,"width":30,"height":240},"width":30,"height":240,"color":"#684fa0","is_rectangle":true}
,
    {"code":"A9","nameAr":"MK for Publishing and Distribution","nameEn":null,"hall":2,"offers": [], "categories":[],"section":"A","position":{"x":80,"y":920,"width":90,"height":30},"width":90,"height":30,"color":"#c67cb4","is_rectangle":true}
,
    {"code":"A10","nameAr":"الناشر الذهبي للنشر والتوزيع","nameEn":null,"hall":2,"offers": [], "categories":[],"section":"A","position":{"x":170,"y":920,"width":30,"height":30},"width":30,"height":30,"color":"#bcbdbf","is_rectangle":true}
,
    {"code":"A11","nameAr":"دار نبض القمة للترجمة","nameEn":null,"hall":2,"offers": [], "categories":[],"section":"A","position":{"x":200,"y":920,"width":30,"height":30},"width":30,"height":30,"color":"#bcbdbf","is_rectangle":true}
,
    {"code":"A12","nameAr":"دار سما للنشر و التوزيع م.م.ح","nameEn":null,"hall":2,"offers": [], "categories":[],"section":"A","position":{"x":170,"y":890,"width":60,"height":30},"width":60,"height":30,"color":"#58aaa9","is_rectangle":true}
,
    {"code":"A13","nameAr":"مؤسسة وكالة الصحافة العربية","nameEn":null,"hall":2,"offers": [], "categories":[],"section":"A","position":{"x":140,"y":890,"width":30,"height":30},"width":30,"height":30,"color":"#bcbdbf","is_rectangle":true}
,
    {"code":"A14","nameAr":"منشورات سدرة","nameEn":null,"hall":2,"offers": [], "categories":[],"section":"A","position":{"x":80,"y":890,"width":60,"height":30},"width":60,"height":30,"color":"#58aaa9","is_rectangle":true}
,
   {"code":"A15","nameAr":null,"nameEn":null,"hall":2,"offers": [], "categories":[],"section":"A","position":{"x":80,"y":830,"width":60,"height":30},"width":60,"height":30,"color":"#58aaa9","is_rectangle":true}
,
    {"code":"A16","nameAr":"الخان للنشر والتوزيع","nameEn":null,"hall":2,"offers": [], "categories":[],"section":"A","position":{"x":140,"y":830,"width":90,"height":30},"width":90,"height":30,"color":"#c67cb4","is_rectangle":true}
,
    {"code":"A17","nameAr":"دار النسيم للنشر ","nameEn":null,"hall":2,"offers": [], "categories":[],"section":"A","position":{"x":170,"y":800,"width":60,"height":30},"width":60,"height":30,"color":"#58aaa9","is_rectangle":true}
,
    {"code":"A18","nameAr":"منشورات غاف ","nameEn":null,"hall":2,"offers": [], "categories":[],"section":"A","position":{"x":140,"y":800,"width":30,"height":30},"width":30,"height":30,"color":"#bcbdbf","is_rectangle":true}
,
    {"code":"A19","nameAr":"أروى العربية للنشر","nameEn":null,"hall":2,"offers": [], "categories":[],"section":"A","position":{"x":110,"y":800,"width":30,"height":30},"width":30,"height":30,"color":"#bcbdbf","is_rectangle":true}
,
    {"code":"A20","nameAr":"بوك لاند للنشر والتوزيع","nameEn":null,"hall":2,"offers": [], "categories":[],"section":"A","position":{"x":80,"y":800,"width":30,"height":30},"width":30,"height":30,"color":"#bcbdbf","is_rectangle":true}
,
    {"code":"A21","nameAr":"دار العلم والمعرفة للنشر والتوزيع","nameEn":null,"hall":2,"offers": [], "categories":[],"section":"A","position":{"x":80,"y":740,"width":150,"height":30},"width":150,"height":30,"color":"#e1e31c","is_rectangle":true}
,
    {"code":"A22","nameAr":"شركة بيت اللغات الدولية ","nameEn":null,"hall":2,"offers": [], "categories":[],"section":"A","position":{"x":140,"y":710,"width":90,"height":30},"width":90,"height":30,"color":"#c67cb4","is_rectangle":true}
,
    {"code":"A23","nameAr":"منشـورات جدل للنشر والتوزيع","nameEn":null,"hall":2,"offers": [], "categories":[],"section":"A","position":{"x":80,"y":710,"width":60,"height":30},"width":60,"height":30,"color":"#58aaa9","is_rectangle":true}
,
   {"code":"A24","nameAr":"دار نوفا بلس للنشر والتوزيع  / دار الخان للنشر والتوزيع","nameEn":null,"hall":2,"offers": [], "categories":[],"section":"A","position":{"x":80,"y":650,"width":120,"height":30},"width":120,"height":30,"color":"#f7931b","is_rectangle":true}
,
   {"code":"A25","nameAr":"Dar Al Muna","nameEn":null,"hall":2,"offers": [], "categories":[],"section":"A","position":{"x":200,"y":650,"width":30,"height":30},"width":30,"height":30,"color":"#bcbdbf","is_rectangle":true}
,
    {"code":"A26","nameAr":"دار العلوم للنشر والتوزيع ","nameEn":null,"hall":2,"offers": [], "categories":[],"section":"A","position":{"x":170,"y":620,"width":60,"height":30},"width":60,"height":30,"color":"#58aaa9","is_rectangle":true}
,
    {"code":"A27","nameAr":"مركز طروس للنشروالتوزيع","nameEn":null,"hall":2,"offers": [], "categories":[],"section":"A","position":{"x":140,"y":620,"width":30,"height":30},"width":30,"height":30,"color":"#bcbdbf","is_rectangle":true}
,
    {"code":"A28","nameAr":"دار نثر للنشر","nameEn":null,"hall":2,"offers": [], "categories":[],"section":"A","position":{"x":110,"y":620,"width":30,"height":30},"width":30,"height":30,"color":"#bcbdbf","is_rectangle":true}
,
    {"code":"A29","nameAr":"شركة الإبداع الفكري للنشر والتوزيع","nameEn":null,"hall":2,"offers": [], "categories":[],"section":"A","position":{"x":80,"y":620,"width":30,"height":30},"width":30,"height":30,"color":"#bcbdbf","is_rectangle":true}
,
    {"code":"A30","nameAr":"هنداوى للطباعة والتوزيع","nameEn":null,"hall":2,"offers": [], "categories":[],"section":"A","position":{"x":20,"y":530,"width":30,"height":120},"width":30,"height":120,"color":"#f7931b","is_rectangle":true}
,
    {"code":"A31","nameAr":"نيوبوك للنشر والتوزيع","nameEn":null,"hall":2,"offers": [], "categories":[],"section":"A","position":{"x":80,"y":560,"width":60,"height":30},"width":60,"height":30,"color":"#58aaa9","is_rectangle":true}
,
   {"code":"A32","nameAr":"المؤسسة المصرية الروسية للثقافة والعلوم  ","nameEn":null,"hall":2,"offers": [], "categories":[],"section":"A","position":{"x":140,"y":560,"width":30,"height":30},"width":30,"height":30,"color":"#bcbdbf","is_rectangle":true}
,
    {"code":"A33","nameAr":"دار الحياة للنشر والتوزيع","nameEn":null,"hall":2,"offers": [], "categories":[],"section":"A","position":{"x":170,"y":560,"width":60,"height":30},"width":60,"height":30,"color":"#58aaa9","is_rectangle":true}
,
   {"code":"A34","nameAr":"دار ديوان العرب للنشر والتوزيع","nameEn":null,"hall":2,"offers": [], "categories":[],"section":"A","position":{"x":110,"y":530,"width":120,"height":30},"width":120,"height":30,"color":"#f7931b","is_rectangle":true}
,
    {"code":"A35","nameAr":"دار الوطن للنشر والتوزيع","nameEn":null,"hall":2,"offers": [], "categories":[],"section":"A","position":{"x":80,"y":530,"width":30,"height":30},"width":30,"height":30,"color":"#bcbdbf","is_rectangle":true}
,
  {"code":"A36","nameAr":"الترجمان","nameEn":null,"hall":2,"offers": [], "categories":[],"section":"A","position":{"x":20,"y":500,"width":30,"height":30},"width":30,"height":30,"color":"#bcbdbf","is_rectangle":true}
,
    {"code":"A37","nameAr":"نقوش للنشر والتوزيع ","nameEn":null,"hall":2,"offers": [], "categories":[],"section":"A","position":{"x":20,"y":470,"width":30,"height":30},"width":30,"height":30,"color":"#bcbdbf","is_rectangle":true}
,
    {"code":"A38","nameAr":"مدرسة الإسكندرية للنشر والتوزيع","nameEn":null,"hall":2,"offers": [], "categories":[],"section":"A","position":{"x":80,"y":470,"width":60,"height":30},"width":60,"height":30,"color":"#58aaa9","is_rectangle":true}
,
  {"code":"A39","nameAr":"رنة للنشر والتوزيع والطباعة","nameEn":null,"hall":2,"offers": [], "categories":[],"section":"A","position":{"x":140,"y":470,"width":30,"height":30},"width":30,"height":30,"color":"#bcbdbf","is_rectangle":true}
,
    {"code":"A40","nameAr":"نبراس للنشر والتوزيع","nameEn":null,"hall":2,"offers": [], "categories":[],"section":"A","position":{"x":170,"y":470,"width":30,"height":30},"width":30,"height":30,"color":"#bcbdbf","is_rectangle":true}
,
  {"code":"A41","nameAr":"منشورات الفنار","nameEn":null,"hall":2,"offers": [], "categories":[],"section":"A","position":{"x":200,"y":470,"width":30,"height":30},"width":30,"height":30,"color":"#bcbdbf","is_rectangle":true}
,
    {"code":"A42","nameAr":"مدبولي للنشر والتوزيع","nameEn":null,"hall":2,"offers": [], "categories":[],"section":"A","position":{"x":170,"y":440,"width":60,"height":30},"width":60,"height":30,"color":"#58aaa9","is_rectangle":true}
,
    {"code":"A43","nameAr":"حدوتة مصرية / دار الشهد للنشر والطباعة والتوزيع","nameEn":null,"hall":2,"offers": [], "categories":[],"section":"A","position":{"x":80,"y":440,"width":90,"height":30},"width":90,"height":30,"color":"#c67cb4","is_rectangle":true}
,
    {"code":"A44","nameAr":"ريشة للنشر والتوزيع","nameEn":null,"hall":2,"offers": [], "categories":[],"section":"A","position":{"x":20,"y":440,"width":30,"height":30},"width":30,"height":30,"color":"#bcbdbf","is_rectangle":true}
,
     {"code":"A45","nameAr":"عابر الثقافية","nameEn":null,"hall":2,"offers": [], "categories":[],"section":"A","position":{"x":20,"y":380,"width":30,"height":60},"width":30,"height":60,"color":"#58aaa9","is_rectangle":true}
,
 {"code":"A46","nameAr":"المفكر العربي","nameEn":null,"hall":2,"offers": [], "categories":[],"section":"A","position":{"x":80,"y":380,"width":30,"height":30},"width":30,"height":30,"color":"#bcbdbf","is_rectangle":true}
,
    {"code":"A47","nameAr":"دار واو للنشر والتوزيع","nameEn":null,"hall":2,"offers": [], "categories":[],"section":"A","position":{"x":110,"y":380,"width":30,"height":30},"width":30,"height":30,"color":"#bcbdbf","is_rectangle":true}
,
   {"code":"A48","nameAr":"دار نبوغ للنشر والتوزيع","nameEn":null,"hall":2,"offers": [], "categories":[],"section":"A","position":{"x":140,"y":380,"width":30,"height":30},"width":30,"height":30,"color":"#bcbdbf","is_rectangle":true}
,
 {"code":"A49","nameAr":"تنمية","nameEn":null,"hall":2,"offers": [], "categories":[],"section":"A","position":{"x":170,"y":380,"width":60,"height":30},"width":60,"height":30,"color":"#58aaa9","is_rectangle":true}
,
 {"code":"A50","nameAr":"دار كلمات عربية للنشر والتوزيع ","nameEn":null,"hall":2,"offers": [], "categories":[],"section":"A","position":{"x":200,"y":350,"width":30,"height":30},"width":30,"height":30,"color":"#bcbdbf","is_rectangle":true}
,
    {"code":"A51","nameAr":"مركز إنسان للدراسات والنشر والتوزيع  ","nameEn":null,"hall":2,"offers": [], "categories":[],"section":"A","position":{"x":80,"y":350,"width":120,"height":30},"width":120,"height":30,"color":"#f7931b","is_rectangle":true}
,
    {"code":"A52","nameAr":"مكتبة طريق العلا للنشر والتوزيع والترجمة","nameEn":null,"hall":2,"offers": [], "categories":[],"section":"A","position":{"x":20,"y":280,"width":30,"height":30},"width":30,"height":30,"color":"#bcbdbf","is_rectangle":true}
,
   {"code":"A53","nameAr":"المحرر الإلكتروني","nameEn":null,"hall":2,"offers": [], "categories":[],"section":"A","position":{"x":80,"y":290,"width":30,"height":30},"width":30,"height":30,"color":"#bcbdbf","is_rectangle":true}
,
    {"code":"A54","nameAr":"هن elles للنشر والتوزيع","nameEn":null,"hall":2,"offers": [], "categories":[],"section":"A","position":{"x":110,"y":290,"width":30,"height":30},"width":30,"height":30,"color":"#bcbdbf","is_rectangle":true}
,
    {"code":"A55","nameAr":"مكتبة الكون للنشر","nameEn":null,"hall":2,"offers": [], "categories":[],"section":"A","position":{"x":140,"y":290,"width":30,"height":30},"width":30,"height":30,"color":"#bcbdbf","is_rectangle":true}
,
   {"code":"A56","nameAr":"مكتبه أدم للنشر والتوزيع   Adam bookshop","nameEn":null,"hall":2,"offers": [], "categories":[],"section":"A","position":{"x":170,"y":290,"width":60,"height":30},"width":60,"height":30,"color":"#58aaa9","is_rectangle":true}
,
    {"code":"A57","nameAr":"يوتوبيا","nameEn":null,"hall":2,"offers": [], "categories":[],"section":"A","position":{"x":80,"y":260,"width":150,"height":30},"width":150,"height":30,"color":"#e1e31c","is_rectangle":true}
,
    {"code":"A58","nameAr":"اقرا للنشر والتوزيع والتجهيزات الفنية والعلمية","nameEn":null,"hall":2,"offers": [], "categories":[],"section":"A","position":{"x":20,"y":220,"width":30,"height":60},"width":30,"height":60,"color":"#58aaa9","is_rectangle":true}
,
   {"code":"A59","nameAr":"مؤسسه هشام العسقلانى","nameEn":null,"hall":2,"offers": [], "categories":[],"section":"A","position":{"x":20,"y":100,"width":30,"height":120},"width":30,"height":120,"color":"#f7931b","is_rectangle":true}
,
   {"code":"A60","nameAr":"شركة النيل للنشر و التوزيع","nameEn":null,"hall":2,"offers": [], "categories":[],"section":"A","position":{"x":80,"y":200,"width":150,"height":30},"width":150,"height":30,"color":"#e1e31c","is_rectangle":true}
,
    {"code":"A61","nameAr":"مؤسسة الاهرام","nameEn":null,"hall":2,"offers": [], "categories":[],"section":"A","position":{"x":170,"y":170,"width":60,"height":30},"width":60,"height":30,"color":"#58aaa9","is_rectangle":true}
,
    {"code":"A62","nameAr":"سمارت بوك شوب للكتب العلمية","nameEn":null,"hall":2,"offers": [], "categories":[],"section":"A","position":{"x":80,"y":170,"width":90,"height":30},"width":90,"height":30,"color":"#c67cb4","is_rectangle":true}
,
    {"code":"A63","nameAr":"مكتبة اوزوريس للكتب العلمية","nameEn":null,"hall":2,"offers": [], "categories":[],"section":"A","position":{"x":80,"y":110,"width":150,"height":30},"width":150,"height":30,"color":"#e1e31c","is_rectangle":true}
,
    {"code":"A64","nameAr":"الجابري للتجارة والنشر ","nameEn":null,"hall":2,"offers": [], "categories":[],"section":"A","position":{"x":200,"y":80,"width":30,"height":30},"width":30,"height":30,"color":"#bcbdbf","is_rectangle":true}
,
    {"code":"A65","nameAr":"ميريك - مركز معلومات قراء الشرق الاوسط","nameEn":null,"hall":2,"offers": [], "categories":[],"section":"A","position":{"x":80,"y":80,"width":120,"height":30},"width":120,"height":30,"color":"#f7931b","is_rectangle":true}
,
    {"code":"A66","nameAr":"شركة الشرق للمكتبات ديوان","nameEn":null,"hall":2,"offers": [], "categories":[],"section":"A","position":{"x":20,"y":10,"width":90,"height":30},"width":90,"height":30,"color":"#e1e31c","is_rectangle":true}
,
    {"code":"A67","nameAr":"international academy ","nameEn":null,"hall":2,"offers": [], "categories":[],"section":"A","position":{"x":110,"y":10,"width":60,"height":30},"width":60,"height":30,"color":"#58aaa9","is_rectangle":true}
,
     {"code":"A68","nameAr":"الدار العربيه للنشر و التوزيع الحديثه (دربـالة)","nameEn":null,"hall":2,"offers": [], "categories":[],"section":"A","position":{"x":170,"y":10,"width":90,"height":30},"width":90,"height":30,"color":"#c67cb4","is_rectangle":true}
,
    {"code":"B1","nameAr":"مكتبة مدبولي","nameEn":"Madboly Library","hall":2,"offers": [], "categories":[],"section":"B","position":{"x":440,"y":1070,"width":210,"height":30},"width":210,"height":30,"color":"#9f5253","is_rectangle":true}
,
    {"code":"B2","nameAr":"المركز العربي الحديث للنشر و التوزيع","nameEn":null,"hall":2,"offers": [], "categories":[],"section":"B","position":{"x":380,"y":1070,"width":60,"height":30},"width":60,"height":30,"color":"#58aaa9","is_rectangle":true}
,
    {"code":"B3","nameAr":"مركز أبوظبي للغة العربية","nameEn":null,"hall":2,"offers": [], "categories":[],"section":"B","position":{"x":260,"y":1070,"width":120,"height":30},"width":120,"height":30,"color":"#f7931b","is_rectangle":true}
,
 {"code":"B4","nameAr":null,"nameEn":null,"hall":2,"offers": [], "categories":[],"section":"B","position":{"x":260,"y":1010,"width":90,"height":30},"width":90,"height":30,"color":"#c67cb4","is_rectangle":true}
,
  {"code":"B5","nameAr":null,"nameEn":null,"hall":2,"offers": [], "categories":[],"section":"B","position":{"x":350,"y":1010,"width":300,"height":30},"width":300,"height":30,"color":"#d3eefc","is_rectangle":true}
,
    {"code":"B6","nameAr":"نور العلم / مكتبة جرير","nameEn":null,"hall":2,"offers": [], "categories":[],"section":"B","position":{"x":260,"y":980,"width":390,"height":30},"width":390,"height":30,"color":"#4276ba","is_rectangle":true}
,
    {"code":"B7","nameAr":"تشكيل للنشر والتوزيع ","nameEn":null,"hall":2,"offers": [], "categories":[],"section":"B","position":{"x":440,"y":920,"width":210,"height":30},"width":210,"height":30,"color":"#9f5253","is_rectangle":true}
,
    {"code":"B8","nameAr":"آفاق للنشر والتوزيع","nameEn":null,"hall":2,"offers": [], "categories":[],"section":"B","position":{"x":260,"y":920,"width":180,"height":30},"width":180,"height":30,"color":"#5fba45","is_rectangle":true}
,
    {"code":"B9","nameAr":"دار السلام للطباعة والنشر والتوزيع والترجمة","nameEn":null,"hall":2,"offers": [], "categories":[],"section":"B","position":{"x":260,"y":890,"width":390,"height":30},"width":390,"height":30,"color":"#4276ba","is_rectangle":true}
,
    {"code":"B10","nameAr":"متون المثقف للنشر والتوزيع","nameEn":null,"hall":2,"offers": [], "categories":[],"section":"B","position":{"x":590,"y":830,"width":60,"height":30},"width":60,"height":30,"color":"#58aaa9","is_rectangle":true}
,
    {"code":"B11","nameAr":"المجموعة الدولية للطباعة والنشر والتوزيع","nameEn":null,"hall":2,"offers": [], "categories":[],"section":"B","position":{"x":260,"y":830,"width":330,"height":30},"width":330,"height":30,"color":"#95ceb3","is_rectangle":true}
,
   {"code":"B12","nameAr":"المكتبة العربية للنشر والتوزيع","nameEn":null,"hall":2,"offers": [], "categories":[],"section":"B","position":{"x":260,"y":800,"width":60,"height":30},"width":60,"height":30,"color":"#58aaa9","is_rectangle":true}
,
    {"code":"B13","nameAr":"دار وليد للنشر والتوزيع","nameEn":null,"hall":2,"offers": [], "categories":[],"section":"B","position":{"x":320,"y":800,"width":30,"height":30},"width":30,"height":30,"color":"#bcbdbf","is_rectangle":true}
,
   {"code":"B14","nameAr":"جذور للترجمة والنشر والتوزيع","nameEn":null,"hall":2,"offers": [], "categories":[],"section":"B","position":{"x":350,"y":800,"width":30,"height":30},"width":30,"height":30,"color":"#bcbdbf","is_rectangle":true}
,
  {"code":"B15","nameAr":"دار الأديب للطبع والنشر والتوزيع والترجمة","nameEn":null,"hall":2,"offers": [], "categories":[],"section":"B","position":{"x":380,"y":800,"width":60,"height":30},"width":60,"height":30,"color":"#58aaa9","is_rectangle":true}
,
    {"code":"B16","nameAr":"إيجلز أوفرسيز جروب","nameEn":null,"hall":2,"offers": [], "categories":[],"section":"B","position":{"x":470,"y":800,"width":60,"height":30},"width":60,"height":30,"color":"#58aaa9","is_rectangle":true}
,
  {"code":"B17","nameAr":"هيئة الخدمة الروحية للنشر ","nameEn":null,"hall":2,"offers": [], "categories":[],"section":"B","position":{"x":530,"y":800,"width":120,"height":30},"width":120,"height":30,"color":"#f7931b","is_rectangle":true}
,
    {"code":"B18","nameAr":"الدار المصرية للعلوم  / دار كتابي للطباعة والنشر ","nameEn":null,"hall":2,"offers": [], "categories":[],"section":"B","position":{"x":560,"y":740,"width":90,"height":30},"width":90,"height":30,"color":"#c67cb4","is_rectangle":true}
,
    {"code":"B19","nameAr":"القاهرة اليوم للنشر والتوزيع","nameEn":null,"hall":2,"offers": [], "categories":[],"section":"B","position":{"x":530,"y":740,"width":30,"height":30},"width":30,"height":30,"color":"#bcbdbf","is_rectangle":true}
,
    {"code":"B20","nameAr":"كنوز للنشر والتوزيع","nameEn":null,"hall":2,"offers": [], "categories":[],"section":"B","position":{"x":470,"y":740,"width":60,"height":30},"width":60,"height":30,"color":"#58aaa9","is_rectangle":true}
,
    {"code":"B21","nameAr":"ن للنشر والتوزيع","nameEn":null,"hall":2,"offers": [], "categories":[],"section":"B","position":{"x":260,"y":740,"width":180,"height":30},"width":180,"height":30,"color":"#5fba45","is_rectangle":true}
,
   {"code":"B22","nameAr":"الشروق للمكتبات","nameEn":null,"hall":2,"offers": [], "categories":[],"section":"B","position":{"x":260,"y":710,"width":390,"height":30},"width":390,"height":30,"color":"#4276ba","is_rectangle":true}
,
    {"code":"B23","nameAr":"دار كتاب للنشر والتوزيع","nameEn":null,"hall":2,"offers": [], "categories":[],"section":"B","position":{"x":470,"y":650,"width":180,"height":30},"width":180,"height":30,"color":"#5fba45","is_rectangle":true}
,
    {"code":"B24","nameAr":"دار الحرم","nameEn":null,"hall":2,"offers": [], "categories":[],"section":"B","position":{"x":380,"y":650,"width":90,"height":30},"width":90,"height":30,"color":"#c67cb4","is_rectangle":true}
,
   {"code":"B25","nameAr":"مركز تبصير للنشر والتوزيع","nameEn":null,"hall":2,"offers": [], "categories":[],"section":"B","position":{"x":260,"y":650,"width":120,"height":30},"width":120,"height":30,"color":"#f7931b","is_rectangle":true}
,
   {"code":"B26","nameAr":"دار دون للنشر والتوزيع ","nameEn":null,"hall":2,"offers": [], "categories":[],"section":"B","position":{"x":260,"y":620,"width":390,"height":30},"width":390,"height":30,"color":"#4276ba","is_rectangle":true}
,
    {"code":"B27","nameAr":"كتوبيا للطباعة والنشر والتوزيع","nameEn":null,"hall":2,"offers": [], "categories":[],"section":"B","position":{"x":560,"y":560,"width":90,"height":30},"width":90,"height":30,"color":"#c67cb4","is_rectangle":true}
,
    {"code":"B28","nameAr":"يسطرون للطباعة والنشر والتوزيع","nameEn":null,"hall":2,"offers": [], "categories":[],"section":"B","position":{"x":530,"y":560,"width":30,"height":30},"width":30,"height":30,"color":"#bcbdbf","is_rectangle":true}
,
    {"code":"B29","nameAr":"مقام للنشر والتوزيع ","nameEn":null,"hall":2,"offers": [], "categories":[],"section":"B","position":{"x":470,"y":560,"width":60,"height":30},"width":60,"height":30,"color":"#58aaa9","is_rectangle":true}
,
   {"code":"B30","nameAr":"دارك للنشر والتوزيع","nameEn":null,"hall":2,"offers": [], "categories":[],"section":"B","position":{"x":260,"y":560,"width":210,"height":30},"width":210,"height":30,"color":"#9f5253","is_rectangle":true}
,
    {"code":"B31","nameAr":"كيان للنشر والتوزيع","nameEn":null,"hall":2,"offers": [], "categories":[],"section":"B","position":{"x":260,"y":530,"width":300,"height":30},"width":300,"height":30,"color":"#d3eefc","is_rectangle":true}
,
    {"code":"B32","nameAr":"الرضا للطبع والنشر والتوزيع","nameEn":null,"hall":2,"offers": [], "categories":[],"section":"B","position":{"x":560,"y":530,"width":30,"height":30},"width":30,"height":30,"color":"#bcbdbf","is_rectangle":true}
,
    {"code":"B33","nameAr":"ذاتك للنشر والتوزيع ","nameEn":null,"hall":2,"offers": [], "categories":[],"section":"B","position":{"x":590,"y":530,"width":30,"height":30},"width":30,"height":30,"color":"#bcbdbf","is_rectangle":true}
,
    {"code":"B34","nameAr":"اسقفية الشباب","nameEn":null,"hall":2,"offers": [], "categories":[],"section":"B","position":{"x":620,"y":530,"width":30,"height":30},"width":30,"height":30,"color":"#bcbdbf","is_rectangle":true}
,
   {"code":"B35","nameAr":"اتحاد الناشرين المصريين","nameEn":null,"hall":2,"offers": [], "categories":[],"section":"B","position":{"x":500,"y":470,"width":150,"height":30},"width":150,"height":30,"color":"#e1e31c","is_rectangle":true}
,
   {"code":"B36","nameAr":"الشركة الجديدة دار الثقافة","nameEn":null,"hall":2,"offers": [], "categories":[],"section":"B","position":{"x":470,"y":470,"width":30,"height":30},"width":30,"height":30,"color":"#bcbdbf","is_rectangle":true}
,
    {"code":"B37","nameAr":null,"nameEn":null,"hall":2,"offers": [], "categories":[],"section":"B","position":{"x":410,"y":470,"width":60,"height":30},"width":60,"height":30,"color":"#58aaa9","is_rectangle":true}
,
    {"code":"B38","nameAr":"GROUPE LIBRAIRIE DES ECOLES / أفريقيا الشرق للطباعة والنشر / مكتبة دار الامان للطباعة والنشر والتوزيع / وزارة الشباب والثقافة والتواصل (الناشرون المغاربة) / المركز الثقافي للكتاب / مؤسسة سليكي أخوين للطباعة والنشر","nameEn":null,"hall":2,"offers": [], "categories":[],"section":"B","position":{"x":260,"y":470,"width":150,"height":30},"width":150,"height":30,"color":"#e1e31c","is_rectangle":true}
,
    {"code":"B39","nameAr":"مسافات للترجمة والنشر والتوزيع","nameEn":"masafatpublishing@gmailcom","hall":2,"offers": [], "categories":[],"section":"B","position":{"x":260,"y":440,"width":390,"height":30},"width":390,"height":30,"color":"#4276ba","is_rectangle":true}
,
    {"code":"B40","nameAr":"مكتبة عصير الكتب للنشر والتوزيع","nameEn":null,"hall":2,"offers": [], "categories":[],"section":"B","position":{"x":260,"y":380,"width":390,"height":30},"width":390,"height":30,"color":"#4276ba","is_rectangle":true}
,
   {"code":"B41","nameAr":"دار ملهمون للنشر والتوزيع","nameEn":null,"hall":2,"offers": [], "categories":[],"section":"B","position":{"x":470,"y":350,"width":180,"height":30},"width":180,"height":30,"color":"#5fba45","is_rectangle":true}
,
    {"code":"B42","nameAr":"عالم الأدب للترجمة والنشر","nameEn":null,"hall":2,"offers": [], "categories":[],"section":"B","position":{"x":380,"y":350,"width":60,"height":30},"width":60,"height":30,"color":"#58aaa9","is_rectangle":true}
,
    {"code":"B43","nameAr":"المكتبة الازهرية للتراث","nameEn":null,"hall":2,"offers": [], "categories":[],"section":"B","position":{"x":260,"y":350,"width":120,"height":30},"width":120,"height":30,"color":"#f7931b","is_rectangle":true}
,
    {"code":"B44","nameAr":"المعرفة اللامحدودة Infinity knowledge","nameEn":null,"hall":2,"offers": [], "categories":[],"section":"B","position":{"x":260,"y":290,"width":180,"height":30},"width":180,"height":30,"color":"#5fba45","is_rectangle":true}
,
  {"code":"B45","nameAr":"المستقبل الدولية للنشر والتوزيع","nameEn":null,"hall":2,"offers": [], "categories":[],"section":"B","position":{"x":470,"y":290,"width":60,"height":30},"width":60,"height":30,"color":"#58aaa9","is_rectangle":true}
,
 {"code":"B46","nameAr":"إى بلانيت للخدمات التعليمية ","nameEn":null,"hall":2,"offers": [], "categories":[],"section":"B","position":{"x":530,"y":290,"width":120,"height":30},"width":120,"height":30,"color":"#f7931b","is_rectangle":true}
,
    {"code":"B47","nameAr":"The American University in Cairo Press","nameEn":null,"hall":2,"offers": [], "categories":[],"section":"B","position":{"x":260,"y":260,"width":390,"height":30},"width":390,"height":30,"color":"#4276ba","is_rectangle":true}
,
  {"code":"B48","nameAr":"ماستر للنشر والتوزيع ","nameEn":null,"hall":2,"offers": [], "categories":[],"section":"B","position":{"x":530,"y":200,"width":120,"height":30},"width":120,"height":30,"color":"#f7931b","is_rectangle":true}
,
    {"code":"B49","nameAr":"الهيئة المصرية العامة للكتاب","nameEn":null,"hall":2,"offers": [], "categories":[],"section":"B","position":{"x":500,"y":200,"width":30,"height":30},"width":30,"height":30,"color":"#bcbdbf","is_rectangle":true}
,
 {"code":"B50","nameAr":"مكتبة الانجلو المصرية","nameEn":null,"hall":2,"offers": [], "categories":[],"section":"B","position":{"x":260,"y":200,"width":240,"height":30},"width":240,"height":30,"color":"#684fa0","is_rectangle":true}
,
    {"code":"B51","nameAr":"اي ام سي","nameEn":null,"hall":2,"offers": [], "categories":[],"section":"B","position":{"x":260,"y":170,"width":90,"height":30},"width":90,"height":30,"color":"#c67cb4","is_rectangle":true}
,
 {"code":"B52","nameAr":"الشرق الاوسط للعلوم الطبية","nameEn":null,"hall":2,"offers": [], "categories":[],"section":"B","position":{"x":350,"y":170,"width":30,"height":30},"width":30,"height":30,"color":"#bcbdbf","is_rectangle":true}
,
   {"code":"B53","nameAr":"شركة أبو الهول للنشــر","nameEn":null,"hall":2,"offers": [], "categories":[],"section":"B","position":{"x":380,"y":170,"width":270,"height":30},"width":270,"height":30,"color":"#ed2025","is_rectangle":true}
,
   {"code":"B54","nameAr":"المجموعة العربية للتدريب والنشر","nameEn":null,"hall":2,"offers": [], "categories":[],"section":"B","position":{"x":560,"y":110,"width":90,"height":30},"width":90,"height":30,"color":"#c67cb4","is_rectangle":true}
,
    {"code":"B55","nameAr":"مكتبات البحر الاحمر","nameEn":null,"hall":2,"offers": [], "categories":[],"section":"B","position":{"x":260,"y":110,"width":300,"height":30},"width":300,"height":30,"color":"#d3eefc","is_rectangle":true}
,
   {"code":"B56","nameAr":"Academic Bookshop","nameEn":null,"hall":2,"offers": [], "categories":[],"section":"B","position":{"x":260,"y":80,"width":390,"height":30},"width":390,"height":30,"color":"#4276ba","is_rectangle":true}
,
 {"code":"B57","nameAr":"المكتبة الدولية للنشر والتوزيع","nameEn":null,"hall":2,"offers": [], "categories":[],"section":"B","position":{"x":570,"y":20,"width":60,"height":30},"width":60,"height":30,"color":"#58aaa9","is_rectangle":true}
,
    {"code":"B58","nameAr":"المكتبة الدولية للغات","nameEn":null,"hall":2,"offers": [], "categories":[],"section":"B","position":{"x":360,"y":20,"width":210,"height":30},"width":210,"height":30,"color":"#9f5253","is_rectangle":true}
,
    {"code":"C1","nameAr":"دار التدوين العربي للنشر والتوزيع ","nameEn":null,"hall":2,"offers": [], "categories":[],"section":"C","position":{"x":710,"y":1070,"width":60,"height":30},"width":60,"height":30,"color":"#58aaa9","is_rectangle":true}
,
    {"code":"C2","nameAr":"منشورات تكوين","nameEn":null,"hall":2,"offers": [], "categories":[],"section":"C","position":{"x":770,"y":1070,"width":60,"height":30},"width":60,"height":30,"color":"#58aaa9","is_rectangle":true}
,
  {"code":"C3","nameAr":"صفحة سبعة للنشر والتوزيع - مصر","nameEn":null,"hall":2,"offers": [], "categories":[],"section":"C","position":{"x":860,"y":1020,"width":30,"height":30},"width":30,"height":30,"color":"#bcbdbf","is_rectangle":true}
,
    {"code":"C4","nameAr":"دار المدى","nameEn":null,"hall":2,"offers": [], "categories":[],"section":"C","position":{"x":680,"y":1010,"width":150,"height":30},"width":150,"height":30,"color":"#e1e31c","is_rectangle":true}
,
    {"code":"C6","nameAr":"مكتبة وهبة للطبع والنشر والتوزيع","nameEn":null,"hall":2,"offers": [], "categories":[],"section":"C","position":{"x":710,"y":980,"width":120,"height":30},"width":120,"height":30,"color":"#f7931b","is_rectangle":true}
,
  {"code":"C5","nameAr":"الرفاعى للنشر والتوزيع","nameEn":null,"hall":2,"offers": [], "categories":[],"section":"C","position":{"x":680,"y":980,"width":30,"height":30},"width":30,"height":30,"color":"#bcbdbf","is_rectangle":true}
,
    {"code":"C7","nameAr":"مؤسسة إبداع للترجمة والنشر والتوزيع","nameEn":null,"hall":2,"offers": [], "categories":[],"section":"C","position":{"x":860,"y":720,"width":30,"height":240},"width":30,"height":240,"color":"#684fa0","is_rectangle":true}
,
  {"code":"C8","nameAr":"ليان للنشر والتوزيع","nameEn":null,"hall":2,"offers": [], "categories":[],"section":"C","position":{"x":740,"y":920,"width":90,"height":30},"width":90,"height":30,"color":"#c67cb4","is_rectangle":true}
,
    {"code":"C9","nameAr":"بورصة الكتب للنشر والتوزيع","nameEn":null,"hall":2,"offers": [], "categories":[],"section":"C","position":{"x":710,"y":920,"width":30,"height":30},"width":30,"height":30,"color":"#bcbdbf","is_rectangle":true}
,
    {"code":"C10","nameAr":"مؤسسة المثال الصالح للتنمية","nameEn":null,"hall":2,"offers": [], "categories":[],"section":"C","position":{"x":680,"y":920,"width":30,"height":30},"width":30,"height":30,"color":"#bcbdbf","is_rectangle":true}
,
   {"code":"C11","nameAr":"دار الهالة للنشر والتوزيع","nameEn":null,"hall":2,"offers": [], "categories":[],"section":"C","position":{"x":680,"y":890,"width":60,"height":30},"width":60,"height":30,"color":"#58aaa9","is_rectangle":true}
,
    {"code":"C12","nameAr":"دار الجندي للنشر والتوزيع","nameEn":null,"hall":2,"offers": [], "categories":[],"section":"C","position":{"x":740,"y":890,"width":30,"height":30},"width":30,"height":30,"color":"#bcbdbf","is_rectangle":true}
,
    {"code":"C13","nameAr":"أخضر لتكنولوجيا المعلومات","nameEn":null,"hall":2,"offers": [], "categories":[],"section":"C","position":{"x":770,"y":890,"width":60,"height":30},"width":60,"height":30,"color":"#58aaa9","is_rectangle":true}
,
    {"code":"C14","nameAr":"لجنة خلاص النفوس للنشر","nameEn":null,"hall":2,"offers": [], "categories":[],"section":"C","position":{"x":770,"y":830,"width":60,"height":30},"width":60,"height":30,"color":"#58aaa9","is_rectangle":true}
,
  {"code":"C15","nameAr":"دار الافاق العربية للنشر والتوزيع","nameEn":"دار الافاق","hall":2,"offers": [], "categories":[],"section":"C","position":{"x":680,"y":830,"width":90,"height":30},"width":90,"height":30,"color":"#c67cb4","is_rectangle":true}
,
    {"code":"C16","nameAr":"مكتبة النافذة","nameEn":null,"hall":2,"offers": [], "categories":[],"section":"C","position":{"x":680,"y":800,"width":60,"height":30},"width":60,"height":30,"color":"#58aaa9","is_rectangle":true}
,
    {"code":"C17","nameAr":"أمجاد الدولية للنشر","nameEn":null,"hall":2,"offers": [], "categories":[],"section":"C","position":{"x":740,"y":800,"width":30,"height":30},"width":30,"height":30,"color":"#bcbdbf","is_rectangle":true}
,
    {"code":"C18","nameAr":"الباسل للنشر والتوزيع","nameEn":null,"hall":2,"offers": [], "categories":[],"section":"C","position":{"x":770,"y":800,"width":30,"height":30},"width":30,"height":30,"color":"#bcbdbf","is_rectangle":true}
,
    {"code":"C19","nameAr":"باناريون للاستيراد والتوزيع","nameEn":null,"hall":2,"offers": [], "categories":[],"section":"C","position":{"x":800,"y":800,"width":30,"height":30},"width":30,"height":30,"color":"#bcbdbf","is_rectangle":true}
,
  {"code":"C20","nameAr":"ذات السلاسل ","nameEn":null,"hall":2,"offers": [], "categories":[],"section":"C","position":{"x":770,"y":740,"width":60,"height":30},"width":60,"height":30,"color":"#58aaa9","is_rectangle":true}
,
    {"code":"C21","nameAr":"مكتبة المعارف الحديثة","nameEn":null,"hall":2,"offers": [], "categories":[],"section":"C","position":{"x":740,"y":740,"width":30,"height":30},"width":30,"height":30,"color":"#bcbdbf","is_rectangle":true}
,
    {"code":"C22","nameAr":"أطلس النشر والانتاج الاعلامى","nameEn":null,"hall":2,"offers": [], "categories":[],"section":"C","position":{"x":680,"y":740,"width":60,"height":30},"width":60,"height":30,"color":"#58aaa9","is_rectangle":true}
,
  {"code":"C23","nameAr":"دار ام الدنيا للدرسات والنشر والتوزيع","nameEn":null,"hall":2,"offers": [], "categories":[],"section":"C","position":{"x":680,"y":710,"width":30,"height":30},"width":30,"height":30,"color":"#bcbdbf","is_rectangle":true}
,
    {"code":"C24","nameAr":"دار الراوي للنشر والتوزيع","nameEn":null,"hall":2,"offers": [], "categories":[],"section":"C","position":{"x":710,"y":710,"width":120,"height":30},"width":120,"height":30,"color":"#f7931b","is_rectangle":true}
,
    {"code":"C25","nameAr":"دار فصلة للنشر والتوزيع","nameEn":null,"hall":2,"offers": [], "categories":[],"section":"C","position":{"x":680,"y":650,"width":150,"height":30},"width":150,"height":30,"color":"#e1e31c","is_rectangle":true}
,
   {"code":"C26","nameAr":"كيانك للنشر والتوزيع ","nameEn":null,"hall":2,"offers": [], "categories":[],"section":"C","position":{"x":680,"y":620,"width":60,"height":30},"width":60,"height":30,"color":"#58aaa9","is_rectangle":true}
,
    {"code":"C27","nameAr":"دار مصر للطباعة و مكتبة مصر","nameEn":null,"hall":2,"offers": [], "categories":[],"section":"C","position":{"x":740,"y":620,"width":90,"height":30},"width":90,"height":30,"color":"#c67cb4","is_rectangle":true}
,
   {"code":"C28","nameAr":"الهيئة العامة لشئون المطابع الاميرية ","nameEn":null,"hall":2,"offers": [], "categories":[],"section":"C","position":{"x":860,"y":530,"width":30,"height":120},"width":30,"height":120,"color":"#f7931b","is_rectangle":true}
,
  {"code":"C29","nameAr":"دار صفحات للنشر والتوزيع","nameEn":null,"hall":2,"offers": [], "categories":[],"section":"C","position":{"x":770,"y":560,"width":60,"height":30},"width":60,"height":30,"color":"#58aaa9","is_rectangle":true}
,
  {"code":"C30","nameAr":"دار الفرسان للنشر والتوزيع","nameEn":null,"hall":2,"offers": [], "categories":[],"section":"C","position":{"x":740,"y":560,"width":30,"height":30},"width":30,"height":30,"color":"#bcbdbf","is_rectangle":true}
,
  {"code":"C31","nameAr":"دريم بن للترجمة و النشر و التوزيع","nameEn":null,"hall":2,"offers": [], "categories":[],"section":"C","position":{"x":710,"y":560,"width":30,"height":30},"width":30,"height":30,"color":"#bcbdbf","is_rectangle":true}
,
    {"code":"C32","nameAr":"دار الإبداع الثقافي للنشر والتوزيع ","nameEn":null,"hall":2,"offers": [], "categories":[],"section":"C","position":{"x":680,"y":560,"width":30,"height":30},"width":30,"height":30,"color":"#bcbdbf","is_rectangle":true}
,
    {"code":"C33","nameAr":"دار المصري للنشر والتوزيع ","nameEn":null,"hall":2,"offers": [], "categories":[],"section":"C","position":{"x":680,"y":530,"width":120,"height":30},"width":120,"height":30,"color":"#f7931b","is_rectangle":true}
,
 {"code":"C34","nameAr":"دار بوك وان للنشر والتوزيع","nameEn":null,"hall":2,"offers": [], "categories":[],"section":"C","position":{"x":800,"y":530,"width":30,"height":30},"width":30,"height":30,"color":"#bcbdbf","is_rectangle":true}
,
    {"code":"C35","nameAr":"فانتازيون للنشر والتوزيع","nameEn":null,"hall":2,"offers": [], "categories":[],"section":"C","position":{"x":860,"y":500,"width":30,"height":30},"width":30,"height":30,"color":"#bcbdbf","is_rectangle":true}
,
  {"code":"C36","nameAr":"رسالتنا","nameEn":null,"hall":2,"offers": [], "categories":[],"section":"C","position":{"x":860,"y":470,"width":30,"height":30},"width":30,"height":30,"color":"#bcbdbf","is_rectangle":true}
,
   {"code":"C37","nameAr":"المركز الثقومى للبحوث الاجتماعية والجنائية","nameEn":null,"hall":2,"offers": [], "categories":[],"section":"C","position":{"x":770,"y":470,"width":60,"height":30},"width":60,"height":30,"color":"#58aaa9","is_rectangle":true}
,
    {"code":"C38","nameAr":"دار طيبة للنشر والتوزيع والتجهيزات العلمية ","nameEn":null,"hall":2,"offers": [], "categories":[],"section":"C","position":{"x":740,"y":470,"width":30,"height":30},"width":30,"height":30,"color":"#bcbdbf","is_rectangle":true}
,
    {"code":"C39","nameAr":"الأمانة العامة للصحة النفسية وعلاج الإدمان","nameEn":null,"hall":2,"offers": [], "categories":[],"section":"C","position":{"x":710,"y":470,"width":30,"height":30},"width":30,"height":30,"color":"#bcbdbf","is_rectangle":true}
,
    {"code":"C40","nameAr":"المركز الثقافي القبطي الارثوذكسي","nameEn":null,"hall":2,"offers": [], "categories":[],"section":"C","position":{"x":680,"y":470,"width":30,"height":30},"width":30,"height":30,"color":"#bcbdbf","is_rectangle":true}
,
    {"code":"C41","nameAr":"شركة صوت القاهرة للصوتيات والمرئيات","nameEn":null,"hall":2,"offers": [], "categories":[],"section":"C","position":{"x":680,"y":440,"width":60,"height":30},"width":60,"height":30,"color":"#58aaa9","is_rectangle":true}
,
   {"code":"C42","nameAr":"السراج للنشر والتوزيع","nameEn":null,"hall":2,"offers": [], "categories":[],"section":"C","position":{"x":740,"y":440,"width":90,"height":30},"width":90,"height":30,"color":"#c67cb4","is_rectangle":true}
,
    {"code":"C43","nameAr":"بطريركية الاقباط الكاثوليك","nameEn":null,"hall":2,"offers": [], "categories":[],"section":"C","position":{"x":860,"y":440,"width":30,"height":30},"width":30,"height":30,"color":"#bcbdbf","is_rectangle":true}
,
    {"code":"C44","nameAr":"دار النهار للنشر والتوزيع","nameEn":null,"hall":2,"offers": [], "categories":[],"section":"C","position":{"x":860,"y":380,"width":30,"height":60},"width":30,"height":60,"color":"#58aaa9","is_rectangle":true}
,
    {"code":"C45","nameAr":"كاريزما للنشر والتوزيع ","nameEn":null,"hall":2,"offers": [], "categories":[],"section":"C","position":{"x":800,"y":380,"width":30,"height":30},"width":30,"height":30,"color":"#bcbdbf","is_rectangle":true}
,
    {"code":"C46","nameAr":"الادارة العامة للثقافة الزراعية","nameEn":null,"hall":2,"offers": [], "categories":[],"section":"C","position":{"x":770,"y":380,"width":30,"height":30},"width":30,"height":30,"color":"#bcbdbf","is_rectangle":true}
,
  {"code":"C47","nameAr":"مكتبة زهراء الشرق ","nameEn":null,"hall":2,"offers": [], "categories":[],"section":"C","position":{"x":680,"y":380,"width":90,"height":30},"width":90,"height":30,"color":"#c67cb4","is_rectangle":true}
,
    {"code":"C48","nameAr":"مكتبة النهضة العصرية ","nameEn":null,"hall":2,"offers": [], "categories":[],"section":"C","position":{"x":680,"y":350,"width":30,"height":30},"width":30,"height":30,"color":"#bcbdbf","is_rectangle":true}
,
    {"code":"C49","nameAr":"دار العالم العربى ","nameEn":null,"hall":2,"offers": [], "categories":[],"section":"C","position":{"x":710,"y":350,"width":120,"height":30},"width":120,"height":30,"color":"#f7931b","is_rectangle":true}
,
 {"code":"C50","nameAr":"Turn The Page S.A.L.","nameEn":null,"hall":2,"offers": [], "categories":[],"section":"C","position":{"x":860,"y":280,"width":30,"height":30},"width":30,"height":30,"color":"#bcbdbf","is_rectangle":true}
,
    {"code":"C51","nameAr":"عين حورس للطباعة والنشر والتوزبع","nameEn":null,"hall":2,"offers": [], "categories":[],"section":"C","position":{"x":770,"y":290,"width":60,"height":30},"width":60,"height":30,"color":"#58aaa9","is_rectangle":true}
,
    {"code":"C52","nameAr":"دار المؤسسة للنشر والترجمة","nameEn":null,"hall":2,"offers": [], "categories":[],"section":"C","position":{"x":740,"y":290,"width":30,"height":30},"width":30,"height":30,"color":"#bcbdbf","is_rectangle":true}
,
   {"code":"C53","nameAr":"مؤسسة الكاتب العربي","nameEn":null,"hall":2,"offers": [], "categories":[],"section":"C","position":{"x":710,"y":290,"width":30,"height":30},"width":30,"height":30,"color":"#bcbdbf","is_rectangle":true}
,
 {"code":"C54","nameAr":"أدباء 2000 للنشر والتوزيع","nameEn":null,"hall":2,"offers": [], "categories":[],"section":"C","position":{"x":680,"y":290,"width":30,"height":30},"width":30,"height":30,"color":"#bcbdbf","is_rectangle":true}
,
    {"code":"C55","nameAr":"المجموعة العلمية","nameEn":null,"hall":2,"offers": [], "categories":[],"section":"C","position":{"x":680,"y":260,"width":150,"height":30},"width":150,"height":30,"color":"#e1e31c","is_rectangle":true}
,
   {"code":"C56","nameAr":"القاهرة الجديدة","nameEn":null,"hall":2,"offers": [], "categories":[],"section":"C","position":{"x":860,"y":220,"width":30,"height":60},"width":30,"height":60,"color":"#58aaa9","is_rectangle":true}
,
  {"code":"C57","nameAr":"الشركة المصرية للاستيراد و التسويق (ايمك)","nameEn":null,"hall":2,"offers": [], "categories":[],"section":"C","position":{"x":860,"y":100,"width":30,"height":120},"width":30,"height":120,"color":"#f7931b","is_rectangle":true}
,
 {"code":"C58","nameAr":"ركن القراء ","nameEn":null,"hall":2,"offers": [], "categories":[],"section":"C","position":{"x":680,"y":200,"width":150,"height":30},"width":150,"height":30,"color":"#e1e31c","is_rectangle":true}
,
  {"code":"C59","nameAr":"روابط للنشر وتقنية المعلومات","nameEn":null,"hall":2,"offers": [], "categories":[],"section":"C","position":{"x":740,"y":170,"width":90,"height":30},"width":90,"height":30,"color":"#c67cb4","is_rectangle":true}
,
  {"code":"C60","nameAr":"مكتبة الآداب للنشر والتوزيع","nameEn":null,"hall":2,"offers": [], "categories":[],"section":"C","position":{"x":680,"y":170,"width":60,"height":30},"width":60,"height":30,"color":"#58aaa9","is_rectangle":true}
,
    {"code":"C61","nameAr":"Egyptian American Book Center","nameEn":null,"hall":2,"offers": [], "categories":[],"section":"C","position":{"x":680,"y":110,"width":150,"height":30},"width":150,"height":30,"color":"#e1e31c","is_rectangle":true}
,
 {"code":"C62","nameAr":"دار الكتاب الجامعى ","nameEn":null,"hall":2,"offers": [], "categories":[],"section":"C","position":{"x":680,"y":80,"width":30,"height":30},"width":30,"height":30,"color":"#bcbdbf","is_rectangle":true}
,
  {"code":"C63","nameAr":"شركة البحر المتوسط لخدمات الناشرين ","nameEn":null,"hall":2,"offers": [], "categories":[],"section":"C","position":{"x":710,"y":80,"width":120,"height":30},"width":120,"height":30,"color":"#f7931b","is_rectangle":true}
,
  {"code":"C64","nameAr":"شركة بكة لتكنولوجيا المعلومات","nameEn":null,"hall":2,"offers": [], "categories":[],"section":"C","position":{"x":800,"y":10,"width":90,"height":30},"width":90,"height":30,"color":"#e1e31c","is_rectangle":true}
,
    {"code":"C65","nameAr":"ابودى بوك ستور - Aboudi Bookstore","nameEn":null,"hall":2,"offers": [], "categories":[],"section":"C","position":{"x":740,"y":10,"width":60,"height":30},"width":60,"height":30,"color":"#58aaa9","is_rectangle":true}
,
    {"code":"A66","nameAr":"شركة الشرق للمكتبات ديوان","nameEn":null,"hall":2,"offers": [], "categories":[],"section":"C","position":{"x":20,"y":10,"width":90,"height":30},"width":90,"height":30,"color":"#e1e31c","is_rectangle":true}
 ]}